Workbook

Sheet Dashboard
A1: Editor Triage — Submission Overview
A3: Total Submissions | C3: Low Risk (No Action Needed) | E3: Moderate Risk (Judgement Needed) | G3: High Risk (Judgement Needed)
A4: =COUNTA('All Abstracts'!A2:A13) -> 12 | C4: =COUNTIF('All Abstracts'!D2:D13,"Low") -> 5 | E4: =COUNTIF('All Abstracts'!D2:D13,"Moderate") -> 2 | G4: =COUNTIF('All Abstracts'!D2:D13,"High") -> 5
A7: Requires Editor Judgement (Moderate + High) | D7: =COUNTIF('All Abstracts'!D2:D13,"Moderate")+COUNTIF('All Abstracts'!D2:D13,"High") -> 7
A8: Share of Submissions Cleared Without Manual Review (Low ÷ Total) | D8: =IFERROR(COUNTIF('All Abstracts'!D2:D13,"Low")/COUNTA('All Abstracts'!A2:A13),0) -> 0.41666667
A9: Share Requiring Editor Judgement (Moderate + High ÷ Total) | D9: =IFERROR(1-COUNTIF('All Abstracts'!D2:D13,"Low")/COUNTA('All Abstracts'!A2:A13),0) -> 0.58333333
A13: Risk Tier | B13: Count
A14: Low | B14: =COUNTIF('All Abstracts'!D2:D13,"Low") -> 5
A15: Moderate | B15: =COUNTIF('All Abstracts'!D2:D13,"Moderate") -> 2
A16: High | B16: =COUNTIF('All Abstracts'!D2:D13,"High") -> 5

Sheet High Risk Queue
A1: Rank | B1: Abstract ID | C1: Title (short) | D1: Corresponding Author | E1: Why Flagged (plain English) | F1: High-Confidence Flags | G1: Corroborating Flags
A2: 1 | B2: {=IFERROR(INDEX('All Abstracts'!$A:$A,MATCH(1,'All Abstracts'!$Q:$Q,0)),"")} -> ASCO-10267 | C2: {=IFERROR(INDEX('All Abstracts'!$B:$B,MATCH(1,'All Abstracts'!$Q:$Q,0)),"")} -> CAR-T Outcomes in Relapsed Myeloma | D2: {=IFERROR(INDEX('All Abstracts'!$C:$C,MATCH(1,'All Abstracts'!$Q:$Q,0)),"")} -> S. Okafor | E2: {=IFERROR(INDEX('All Abstracts'!$E:$E,MATCH(1,'All Abstracts'!$Q:$Q,0)),"")} -> Tortured Phrases | F2: {=IFERROR(INDEX('All Abstracts'!$F:$F,MATCH(1,'All Abstracts'!$Q:$Q,0)),"")} -> 1 | G2: {=IFERROR(INDEX('All Abstracts'!$G:$G,MATCH(1,'All Abstracts'!$Q:$Q,0)),"")} -> 0
A3: 2 | B3: {=IFERROR(INDEX('All Abstracts'!$A:$A,MATCH(2,'All Abstracts'!$Q:$Q,0)),"")} -> ASCO-10301 | C3: {=IFERROR(INDEX('All Abstracts'!$B:$B,MATCH(2,'All Abstracts'!$Q:$Q,0)),"")} -> Novel PARP Inhibitor Combination Trial | D3: {=IFERROR(INDEX('All Abstracts'!$C:$C,MATCH(2,'All Abstracts'!$Q:$Q,0)),"")} -> A. Kim | E3: {=IFERROR(INDEX('All Abstracts'!$E:$E,MATCH(2,'All Abstracts'!$Q:$Q,0)),"")} -> LLM Response Trace | F3: {=IFERROR(INDEX('All Abstracts'!$F:$F,MATCH(2,'All Abstracts'!$Q:$Q,0)),"")} -> 1 | G3: {=IFERROR(INDEX('All Abstracts'!$G:$G,MATCH(2,'All Abstracts'!$Q:$Q,0)),"")} -> 0
A4: 3 | B4: {=IFERROR(INDEX('All Abstracts'!$A:$A,MATCH(3,'All Abstracts'!$Q:$Q,0)),"")} -> ASCO-10355 | C4: {=IFERROR(INDEX('All Abstracts'!$B:$B,MATCH(3,'All Abstracts'!$Q:$Q,0)),"")} -> Machine Learning for Tumor Segmentation | D4: {=IFERROR(INDEX('All Abstracts'!$C:$C,MATCH(3,'All Abstracts'!$Q:$Q,0)),"")} -> D. Costa | E4: {=IFERROR(INDEX('All Abstracts'!$E:$E,MATCH(3,'All Abstracts'!$Q:$Q,0)),"")} -> Prior Retractions | F4: {=IFERROR(INDEX('All Abstracts'!$F:$F,MATCH(3,'All Abstracts'!$Q:$Q,0)),"")} -> 1 | G4: {=IFERROR(INDEX('All Abstracts'!$G:$G,MATCH(3,'All Abstracts'!$Q:$Q,0)),"")} -> 0
A5: 4 | B5: {=IFERROR(INDEX('All Abstracts'!$A:$A,MATCH(4,'All Abstracts'!$Q:$Q,0)),"")} -> ASCO-10362 | C5: {=IFERROR(INDEX('All Abstracts'!$B:$B,MATCH(4,'All Abstracts'!$Q:$Q,0)),"")} -> Meta-analysis of Adjuvant Therapies | D5: {=IFERROR(INDEX('All Abstracts'!$C:$C,MATCH(4,'All Abstracts'!$Q:$Q,0)),"")} -> H. Zhou | E5: {=IFERROR(INDEX('All Abstracts'!$E:$E,MATCH(4,'All Abstracts'!$Q:$Q,0)),"")} -> Templating (Cross-Author) | F5: {=IFERROR(INDEX('All Abstracts'!$F:$F,MATCH(4,'All Abstracts'!$Q:$Q,0)),"")} -> 1 | G5: {=IFERROR(INDEX('All Abstracts'!$G:$G,MATCH(4,'All Abstracts'!$Q:$Q,0)),"")} -> 0
A6: 5 | B6: {=IFERROR(INDEX('All Abstracts'!$A:$A,MATCH(5,'All Abstracts'!$Q:$Q,0)),"")} -> ASCO-10371 | C6: {=IFERROR(INDEX('All Abstracts'!$B:$B,MATCH(5,'All Abstracts'!$Q:$Q,0)),"")} -> Rare Sarcoma Case Series | D6: {=IFERROR(INDEX('All Abstracts'!$C:$C,MATCH(5,'All Abstracts'!$Q:$Q,0)),"")} -> V. Petrov | E6: {=IFERROR(INDEX('All Abstracts'!$E:$E,MATCH(5,'All Abstracts'!$Q:$Q,0)),"")} -> Templating (Cross-Author), Submission Volume | F6: {=IFERROR(INDEX('All Abstracts'!$F:$F,MATCH(5,'All Abstracts'!$Q:$Q,0)),"")} -> 1 | G6: {=IFERROR(INDEX('All Abstracts'!$G:$G,MATCH(5,'All Abstracts'!$Q:$Q,0)),"")} -> 1
A7: 6 | B7: {=IFERROR(INDEX('All Abstracts'!$A:$A,MATCH(6,'All Abstracts'!$Q:$Q,0)),"")} | C7: {=IFERROR(INDEX('All Abstracts'!$B:$B,MATCH(6,'All Abstracts'!$Q:$Q,0)),"")} | D7: {=IFERROR(INDEX('All Abstracts'!$C:$C,MATCH(6,'All Abstracts'!$Q:$Q,0)),"")} | E7: {=IFERROR(INDEX('All Abstracts'!$E:$E,MATCH(6,'All Abstracts'!$Q:$Q,0)),"")} | F7: {=IFERROR(INDEX('All Abstracts'!$F:$F,MATCH(6,'All Abstracts'!$Q:$Q,0)),"")} | G7: {=IFERROR(INDEX('All Abstracts'!$G:$G,MATCH(6,'All Abstracts'!$Q:$Q,0)),"")}
A8: 7 | B8: {=IFERROR(INDEX('All Abstracts'!$A:$A,MATCH(7,'All Abstracts'!$Q:$Q,0)),"")} | C8: {=IFERROR(INDEX('All Abstracts'!$B:$B,MATCH(7,'All Abstracts'!$Q:$Q,0)),"")} | D8: {=IFERROR(INDEX('All Abstracts'!$C:$C,MATCH(7,'All Abstracts'!$Q:$Q,0)),"")} | E8: {=IFERROR(INDEX('All Abstracts'!$E:$E,MATCH(7,'All Abstracts'!$Q:$Q,0)),"")} | F8: {=IFERROR(INDEX('All Abstracts'!$F:$F,MATCH(7,'All Abstracts'!$Q:$Q,0)),"")} | G8: {=IFERROR(INDEX('All Abstracts'!$G:$G,MATCH(7,'All Abstracts'!$Q:$Q,0)),"")}
A9: 8 | B9: {=IFERROR(INDEX('All Abstracts'!$A:$A,MATCH(8,'All Abstracts'!$Q:$Q,0)),"")} | C9: {=IFERROR(INDEX('All Abstracts'!$B:$B,MATCH(8,'All Abstracts'!$Q:$Q,0)),"")} | D9: {=IFERROR(INDEX('All Abstracts'!$C:$C,MATCH(8,'All Abstracts'!$Q:$Q,0)),"")} | E9: {=IFERROR(INDEX('All Abstracts'!$E:$E,MATCH(8,'All Abstracts'!$Q:$Q,0)),"")} | F9: {=IFERROR(INDEX('All Abstracts'!$F:$F,MATCH(8,'All Abstracts'!$Q:$Q,0)),"")} | G9: {=IFERROR(INDEX('All Abstracts'!$G:$G,MATCH(8,'All Abstracts'!$Q:$Q,0)),"")}
A10: 9 | B10: {=IFERROR(INDEX('All Abstracts'!$A:$A,MATCH(9,'All Abstracts'!$Q:$Q,0)),"")} | C10: {=IFERROR(INDEX('All Abstracts'!$B:$B,MATCH(9,'All Abstracts'!$Q:$Q,0)),"")} | D10: {=IFERROR(INDEX('All Abstracts'!$C:$C,MATCH(9,'All Abstracts'!$Q:$Q,0)),"")} | E10: {=IFERROR(INDEX('All Abstracts'!$E:$E,MATCH(9,'All Abstracts'!$Q:$Q,0)),"")} | F10: {=IFERROR(INDEX('All Abstracts'!$F:$F,MATCH(9,'All Abstracts'!$Q:$Q,0)),"")} | G10: {=IFERROR(INDEX('All Abstracts'!$G:$G,MATCH(9,'All Abstracts'!$Q:$Q,0)),"")}
A11: 10 | B11: {=IFERROR(INDEX('All Abstracts'!$A:$A,MATCH(10,'All Abstracts'!$Q:$Q,0)),"")} | C11: {=IFERROR(INDEX('All Abstracts'!$B:$B,MATCH(10,'All Abstracts'!$Q:$Q,0)),"")} | D11: {=IFERROR(INDEX('All Abstracts'!$C:$C,MATCH(10,'All Abstracts'!$Q:$Q,0)),"")} | E11: {=IFERROR(INDEX('All Abstracts'!$E:$E,MATCH(10,'All Abstracts'!$Q:$Q,0)),"")} | F11: {=IFERROR(INDEX('All Abstracts'!$F:$F,MATCH(10,'All Abstracts'!$Q:$Q,0)),"")} | G11: {=IFERROR(INDEX('All Abstracts'!$G:$G,MATCH(10,'All Abstracts'!$Q:$Q,0)),"")}
A12: 11 | B12: {=IFERROR(INDEX('All Abstracts'!$A:$A,MATCH(11,'All Abstracts'!$Q:$Q,0)),"")} | C12: {=IFERROR(INDEX('All Abstracts'!$B:$B,MATCH(11,'All Abstracts'!$Q:$Q,0)),"")} | D12: {=IFERROR(INDEX('All Abstracts'!$C:$C,MATCH(11,'All Abstracts'!$Q:$Q,0)),"")} | E12: {=IFERROR(INDEX('All Abstracts'!$E:$E,MATCH(11,'All Abstracts'!$Q:$Q,0)),"")} | F12: {=IFERROR(INDEX('All Abstracts'!$F:$F,MATCH(11,'All Abstracts'!$Q:$Q,0)),"")} | G12: {=IFERROR(INDEX('All Abstracts'!$G:$G,MATCH(11,'All Abstracts'!$Q:$Q,0)),"")}
A13: 12 | B13: {=IFERROR(INDEX('All Abstracts'!$A:$A,MATCH(12,'All Abstracts'!$Q:$Q,0)),"")} | C13: {=IFERROR(INDEX('All Abstracts'!$B:$B,MATCH(12,'All Abstracts'!$Q:$Q,0)),"")} | D13: {=IFERROR(INDEX('All Abstracts'!$C:$C,MATCH(12,'All Abstracts'!$Q:$Q,0)),"")} | E13: {=IFERROR(INDEX('All Abstracts'!$E:$E,MATCH(12,'All Abstracts'!$Q:$Q,0)),"")} | F13: {=IFERROR(INDEX('All Abstracts'!$F:$F,MATCH(12,'All Abstracts'!$Q:$Q,0)),"")} | G13: {=IFERROR(INDEX('All Abstracts'!$G:$G,MATCH(12,'All Abstracts'!$Q:$Q,0)),"")}
E18: The name of the check failed

Sheet Moderate Risk Queue
A1: Rank | B1: Abstract ID | C1: Title (short) | D1: Corresponding Author | E1: Why Flagged (plain English) | F1: High-Confidence Flags | G1: Corroborating Flags
A2: 1 | B2: {=IFERROR(INDEX('All Abstracts'!$A:$A,MATCH(1,'All Abstracts'!$R:$R,0)),"")} -> ASCO-10244 | C2: {=IFERROR(INDEX('All Abstracts'!$B:$B,MATCH(1,'All Abstracts'!$R:$R,0)),"")} -> Biomarkers for Immunotherapy Response | D2: {=IFERROR(INDEX('All Abstracts'!$C:$C,MATCH(1,'All Abstracts'!$R:$R,0)),"")} -> L. Nguyen | E2: {=IFERROR(INDEX('All Abstracts'!$E:$E,MATCH(1,'All Abstracts'!$R:$R,0)),"")} -> Affiliation Relevance, Author Count Deviation | F2: {=IFERROR(INDEX('All Abstracts'!$F:$F,MATCH(1,'All Abstracts'!$R:$R,0)),"")} -> 0 | G2: {=IFERROR(INDEX('All Abstracts'!$G:$G,MATCH(1,'All Abstracts'!$R:$R,0)),"")} -> 2
A3: 2 | B3: {=IFERROR(INDEX('All Abstracts'!$A:$A,MATCH(2,'All Abstracts'!$R:$R,0)),"")} -> ASCO-10327 | C3: {=IFERROR(INDEX('All Abstracts'!$B:$B,MATCH(2,'All Abstracts'!$R:$R,0)),"")} -> Genomic Profiling of Colorectal Tumors | D3: {=IFERROR(INDEX('All Abstracts'!$C:$C,MATCH(2,'All Abstracts'!$R:$R,0)),"")} -> T. Adeyemi | E3: {=IFERROR(INDEX('All Abstracts'!$E:$E,MATCH(2,'All Abstracts'!$R:$R,0)),"")} -> Email Validity, Author Network | F3: {=IFERROR(INDEX('All Abstracts'!$F:$F,MATCH(2,'All Abstracts'!$R:$R,0)),"")} -> 0 | G3: {=IFERROR(INDEX('All Abstracts'!$G:$G,MATCH(2,'All Abstracts'!$R:$R,0)),"")} -> 2
A4: 3 | B4: {=IFERROR(INDEX('All Abstracts'!$A:$A,MATCH(3,'All Abstracts'!$R:$R,0)),"")} | C4: {=IFERROR(INDEX('All Abstracts'!$B:$B,MATCH(3,'All Abstracts'!$R:$R,0)),"")} | D4: {=IFERROR(INDEX('All Abstracts'!$C:$C,MATCH(3,'All Abstracts'!$R:$R,0)),"")} | E4: {=IFERROR(INDEX('All Abstracts'!$E:$E,MATCH(3,'All Abstracts'!$R:$R,0)),"")} | F4: {=IFERROR(INDEX('All Abstracts'!$F:$F,MATCH(3,'All Abstracts'!$R:$R,0)),"")} | G4: {=IFERROR(INDEX('All Abstracts'!$G:$G,MATCH(3,'All Abstracts'!$R:$R,0)),"")}
A5: 4 | B5: {=IFERROR(INDEX('All Abstracts'!$A:$A,MATCH(4,'All Abstracts'!$R:$R,0)),"")} | C5: {=IFERROR(INDEX('All Abstracts'!$B:$B,MATCH(4,'All Abstracts'!$R:$R,0)),"")} | D5: {=IFERROR(INDEX('All Abstracts'!$C:$C,MATCH(4,'All Abstracts'!$R:$R,0)),"")} | E5: {=IFERROR(INDEX('All Abstracts'!$E:$E,MATCH(4,'All Abstracts'!$R:$R,0)),"")} | F5: {=IFERROR(INDEX('All Abstracts'!$F:$F,MATCH(4,'All Abstracts'!$R:$R,0)),"")} | G5: {=IFERROR(INDEX('All Abstracts'!$G:$G,MATCH(4,'All Abstracts'!$R:$R,0)),"")}
A6: 5 | B6: {=IFERROR(INDEX('All Abstracts'!$A:$A,MATCH(5,'All Abstracts'!$R:$R,0)),"")} | C6: {=IFERROR(INDEX('All Abstracts'!$B:$B,MATCH(5,'All Abstracts'!$R:$R,0)),"")} | D6: {=IFERROR(INDEX('All Abstracts'!$C:$C,MATCH(5,'All Abstracts'!$R:$R,0)),"")} | E6: {=IFERROR(INDEX('All Abstracts'!$E:$E,MATCH(5,'All Abstracts'!$R:$R,0)),"")} | F6: {=IFERROR(INDEX('All Abstracts'!$F:$F,MATCH(5,'All Abstracts'!$R:$R,0)),"")} | G6: {=IFERROR(INDEX('All Abstracts'!$G:$G,MATCH(5,'All Abstracts'!$R:$R,0)),"")}
A7: 6 | B7: {=IFERROR(INDEX('All Abstracts'!$A:$A,MATCH(6,'All Abstracts'!$R:$R,0)),"")} | C7: {=IFERROR(INDEX('All Abstracts'!$B:$B,MATCH(6,'All Abstracts'!$R:$R,0)),"")} | D7: {=IFERROR(INDEX('All Abstracts'!$C:$C,MATCH(6,'All Abstracts'!$R:$R,0)),"")} | E7: {=IFERROR(INDEX('All Abstracts'!$E:$E,MATCH(6,'All Abstracts'!$R:$R,0)),"")} | F7: {=IFERROR(INDEX('All Abstracts'!$F:$F,MATCH(6,'All Abstracts'!$R:$R,0)),"")} | G7: {=IFERROR(INDEX('All Abstracts'!$G:$G,MATCH(6,'All Abstracts'!$R:$R,0)),"")}
A8: 7 | B8: {=IFERROR(INDEX('All Abstracts'!$A:$A,MATCH(7,'All Abstracts'!$R:$R,0)),"")} | C8: {=IFERROR(INDEX('All Abstracts'!$B:$B,MATCH(7,'All Abstracts'!$R:$R,0)),"")} | D8: {=IFERROR(INDEX('All Abstracts'!$C:$C,MATCH(7,'All Abstracts'!$R:$R,0)),"")} | E8: {=IFERROR(INDEX('All Abstracts'!$E:$E,MATCH(7,'All Abstracts'!$R:$R,0)),"")} | F8: {=IFERROR(INDEX('All Abstracts'!$F:$F,MATCH(7,'All Abstracts'!$R:$R,0)),"")} | G8: {=IFERROR(INDEX('All Abstracts'!$G:$G,MATCH(7,'All Abstracts'!$R:$R,0)),"")}
A9: 8 | B9: {=IFERROR(INDEX('All Abstracts'!$A:$A,MATCH(8,'All Abstracts'!$R:$R,0)),"")} | C9: {=IFERROR(INDEX('All Abstracts'!$B:$B,MATCH(8,'All Abstracts'!$R:$R,0)),"")} | D9: {=IFERROR(INDEX('All Abstracts'!$C:$C,MATCH(8,'All Abstracts'!$R:$R,0)),"")} | E9: {=IFERROR(INDEX('All Abstracts'!$E:$E,MATCH(8,'All Abstracts'!$R:$R,0)),"")} | F9: {=IFERROR(INDEX('All Abstracts'!$F:$F,MATCH(8,'All Abstracts'!$R:$R,0)),"")} | G9: {=IFERROR(INDEX('All Abstracts'!$G:$G,MATCH(8,'All Abstracts'!$R:$R,0)),"")}
A10: 9 | B10: {=IFERROR(INDEX('All Abstracts'!$A:$A,MATCH(9,'All Abstracts'!$R:$R,0)),"")} | C10: {=IFERROR(INDEX('All Abstracts'!$B:$B,MATCH(9,'All Abstracts'!$R:$R,0)),"")} | D10: {=IFERROR(INDEX('All Abstracts'!$C:$C,MATCH(9,'All Abstracts'!$R:$R,0)),"")} | E10: {=IFERROR(INDEX('All Abstracts'!$E:$E,MATCH(9,'All Abstracts'!$R:$R,0)),"")} | F10: {=IFERROR(INDEX('All Abstracts'!$F:$F,MATCH(9,'All Abstracts'!$R:$R,0)),"")} | G10: {=IFERROR(INDEX('All Abstracts'!$G:$G,MATCH(9,'All Abstracts'!$R:$R,0)),"")}
A11: 10 | B11: {=IFERROR(INDEX('All Abstracts'!$A:$A,MATCH(10,'All Abstracts'!$R:$R,0)),"")} | C11: {=IFERROR(INDEX('All Abstracts'!$B:$B,MATCH(10,'All Abstracts'!$R:$R,0)),"")} | D11: {=IFERROR(INDEX('All Abstracts'!$C:$C,MATCH(10,'All Abstracts'!$R:$R,0)),"")} | E11: {=IFERROR(INDEX('All Abstracts'!$E:$E,MATCH(10,'All Abstracts'!$R:$R,0)),"")} | F11: {=IFERROR(INDEX('All Abstracts'!$F:$F,MATCH(10,'All Abstracts'!$R:$R,0)),"")} | G11: {=IFERROR(INDEX('All Abstracts'!$G:$G,MATCH(10,'All Abstracts'!$R:$R,0)),"")}
A12: 11 | B12: {=IFERROR(INDEX('All Abstracts'!$A:$A,MATCH(11,'All Abstracts'!$R:$R,0)),"")} | C12: {=IFERROR(INDEX('All Abstracts'!$B:$B,MATCH(11,'All Abstracts'!$R:$R,0)),"")} | D12: {=IFERROR(INDEX('All Abstracts'!$C:$C,MATCH(11,'All Abstracts'!$R:$R,0)),"")} | E12: {=IFERROR(INDEX('All Abstracts'!$E:$E,MATCH(11,'All Abstracts'!$R:$R,0)),"")} | F12: {=IFERROR(INDEX('All Abstracts'!$F:$F,MATCH(11,'All Abstracts'!$R:$R,0)),"")} | G12: {=IFERROR(INDEX('All Abstracts'!$G:$G,MATCH(11,'All Abstracts'!$R:$R,0)),"")}
A13: 12 | B13: {=IFERROR(INDEX('All Abstracts'!$A:$A,MATCH(12,'All Abstracts'!$R:$R,0)),"")} | C13: {=IFERROR(INDEX('All Abstracts'!$B:$B,MATCH(12,'All Abstracts'!$R:$R,0)),"")} | D13: {=IFERROR(INDEX('All Abstracts'!$C:$C,MATCH(12,'All Abstracts'!$R:$R,0)),"")} | E13: {=IFERROR(INDEX('All Abstracts'!$E:$E,MATCH(12,'All Abstracts'!$R:$R,0)),"")} | F13: {=IFERROR(INDEX('All Abstracts'!$F:$F,MATCH(12,'All Abstracts'!$R:$R,0)),"")} | G13: {=IFERROR(INDEX('All Abstracts'!$G:$G,MATCH(12,'All Abstracts'!$R:$R,0)),"")}

Sheet Low Risk Queue
A1: Rank | B1: Abstract ID | C1: Title (short) | D1: Corresponding Author | E1: Why Flagged (plain English) | F1: High-Confidence Flags | G1: Corroborating Flags
A2: 1 | B2: {=IFERROR(INDEX('All Abstracts'!$A:$A,MATCH(1,'All Abstracts'!$S:$S,0)),"")} -> ASCO-10231 | C2: {=IFERROR(INDEX('All Abstracts'!$B:$B,MATCH(1,'All Abstracts'!$S:$S,0)),"")} -> Neoadjuvant Chemo in Stage III NSCLC | D2: {=IFERROR(INDEX('All Abstracts'!$C:$C,MATCH(1,'All Abstracts'!$S:$S,0)),"")} -> R. Patel | E2: {=IFERROR(INDEX('All Abstracts'!$E:$E,MATCH(1,'All Abstracts'!$S:$S,0)),"")} -> No significant flags | F2: {=IFERROR(INDEX('All Abstracts'!$F:$F,MATCH(1,'All Abstracts'!$S:$S,0)),"")} -> 0 | G2: {=IFERROR(INDEX('All Abstracts'!$G:$G,MATCH(1,'All Abstracts'!$S:$S,0)),"")} -> 0
A3: 2 | B3: {=IFERROR(INDEX('All Abstracts'!$A:$A,MATCH(2,'All Abstracts'!$S:$S,0)),"")} -> ASCO-10289 | C3: {=IFERROR(INDEX('All Abstracts'!$B:$B,MATCH(2,'All Abstracts'!$S:$S,0)),"")} -> Survival Analysis in Pancreatic Cancer | D3: {=IFERROR(INDEX('All Abstracts'!$C:$C,MATCH(2,'All Abstracts'!$S:$S,0)),"")} -> M. Reyes | E3: {=IFERROR(INDEX('All Abstracts'!$E:$E,MATCH(2,'All Abstracts'!$S:$S,0)),"")} -> No significant flags | F3: {=IFERROR(INDEX('All Abstracts'!$F:$F,MATCH(2,'All Abstracts'!$S:$S,0)),"")} -> 0 | G3: {=IFERROR(INDEX('All Abstracts'!$G:$G,MATCH(2,'All Abstracts'!$S:$S,0)),"")} -> 0
A4: 3 | B4: {=IFERROR(INDEX('All Abstracts'!$A:$A,MATCH(3,'All Abstracts'!$S:$S,0)),"")} -> ASCO-10318 | C4: {=IFERROR(INDEX('All Abstracts'!$B:$B,MATCH(3,'All Abstracts'!$S:$S,0)),"")} -> Real-World Data on Breast Cancer Screening | D4: {=IFERROR(INDEX('All Abstracts'!$C:$C,MATCH(3,'All Abstracts'!$S:$S,0)),"")} -> J. Novak | E4: {=IFERROR(INDEX('All Abstracts'!$E:$E,MATCH(3,'All Abstracts'!$S:$S,0)),"")} -> No significant flags | F4: {=IFERROR(INDEX('All Abstracts'!$F:$F,MATCH(3,'All Abstracts'!$S:$S,0)),"")} -> 0 | G4: {=IFERROR(INDEX('All Abstracts'!$G:$G,MATCH(3,'All Abstracts'!$S:$S,0)),"")} -> 1
A5: 4 | B5: {=IFERROR(INDEX('All Abstracts'!$A:$A,MATCH(4,'All Abstracts'!$S:$S,0)),"")} -> ASCO-10340 | C5: {=IFERROR(INDEX('All Abstracts'!$B:$B,MATCH(4,'All Abstracts'!$S:$S,0)),"")} -> Quality of Life Post-Radiotherapy | D5: {=IFERROR(INDEX('All Abstracts'!$C:$C,MATCH(4,'All Abstracts'!$S:$S,0)),"")} -> P. Sharma | E5: {=IFERROR(INDEX('All Abstracts'!$E:$E,MATCH(4,'All Abstracts'!$S:$S,0)),"")} -> No significant flags | F5: {=IFERROR(INDEX('All Abstracts'!$F:$F,MATCH(4,'All Abstracts'!$S:$S,0)),"")} -> 0 | G5: {=IFERROR(INDEX('All Abstracts'!$G:$G,MATCH(4,'All Abstracts'!$S:$S,0)),"")} -> 0
A6: 5 | B6: {=IFERROR(INDEX('All Abstracts'!$A:$A,MATCH(5,'All Abstracts'!$S:$S,0)),"")} -> ASCO-10389 | C6: {=IFERROR(INDEX('All Abstracts'!$B:$B,MATCH(5,'All Abstracts'!$S:$S,0)),"")} -> Cost-Effectiveness of Early Screening | D6: {=IFERROR(INDEX('All Abstracts'!$C:$C,MATCH(5,'All Abstracts'!$S:$S,0)),"")} -> F. Idris | E6: {=IFERROR(INDEX('All Abstracts'!$E:$E,MATCH(5,'All Abstracts'!$S:$S,0)),"")} -> No significant flags | F6: {=IFERROR(INDEX('All Abstracts'!$F:$F,MATCH(5,'All Abstracts'!$S:$S,0)),"")} -> 0 | G6: {=IFERROR(INDEX('All Abstracts'!$G:$G,MATCH(5,'All Abstracts'!$S:$S,0)),"")} -> 1
A7: 6 | B7: {=IFERROR(INDEX('All Abstracts'!$A:$A,MATCH(6,'All Abstracts'!$S:$S,0)),"")} | C7: {=IFERROR(INDEX('All Abstracts'!$B:$B,MATCH(6,'All Abstracts'!$S:$S,0)),"")} | D7: {=IFERROR(INDEX('All Abstracts'!$C:$C,MATCH(6,'All Abstracts'!$S:$S,0)),"")} | E7: {=IFERROR(INDEX('All Abstracts'!$E:$E,MATCH(6,'All Abstracts'!$S:$S,0)),"")} | F7: {=IFERROR(INDEX('All Abstracts'!$F:$F,MATCH(6,'All Abstracts'!$S:$S,0)),"")} | G7: {=IFERROR(INDEX('All Abstracts'!$G:$G,MATCH(6,'All Abstracts'!$S:$S,0)),"")}
A8: 7 | B8: {=IFERROR(INDEX('All Abstracts'!$A:$A,MATCH(7,'All Abstracts'!$S:$S,0)),"")} | C8: {=IFERROR(INDEX('All Abstracts'!$B:$B,MATCH(7,'All Abstracts'!$S:$S,0)),"")} | D8: {=IFERROR(INDEX('All Abstracts'!$C:$C,MATCH(7,'All Abstracts'!$S:$S,0)),"")} | E8: {=IFERROR(INDEX('All Abstracts'!$E:$E,MATCH(7,'All Abstracts'!$S:$S,0)),"")} | F8: {=IFERROR(INDEX('All Abstracts'!$F:$F,MATCH(7,'All Abstracts'!$S:$S,0)),"")} | G8: {=IFERROR(INDEX('All Abstracts'!$G:$G,MATCH(7,'All Abstracts'!$S:$S,0)),"")}
A9: 8 | B9: {=IFERROR(INDEX('All Abstracts'!$A:$A,MATCH(8,'All Abstracts'!$S:$S,0)),"")} | C9: {=IFERROR(INDEX('All Abstracts'!$B:$B,MATCH(8,'All Abstracts'!$S:$S,0)),"")} | D9: {=IFERROR(INDEX('All Abstracts'!$C:$C,MATCH(8,'All Abstracts'!$S:$S,0)),"")} | E9: {=IFERROR(INDEX('All Abstracts'!$E:$E,MATCH(8,'All Abstracts'!$S:$S,0)),"")} | F9: {=IFERROR(INDEX('All Abstracts'!$F:$F,MATCH(8,'All Abstracts'!$S:$S,0)),"")} | G9: {=IFERROR(INDEX('All Abstracts'!$G:$G,MATCH(8,'All Abstracts'!$S:$S,0)),"")}
A10: 9 | B10: {=IFERROR(INDEX('All Abstracts'!$A:$A,MATCH(9,'All Abstracts'!$S:$S,0)),"")} | C10: {=IFERROR(INDEX('All Abstracts'!$B:$B,MATCH(9,'All Abstracts'!$S:$S,0)),"")} | D10: {=IFERROR(INDEX('All Abstracts'!$C:$C,MATCH(9,'All Abstracts'!$S:$S,0)),"")} | E10: {=IFERROR(INDEX('All Abstracts'!$E:$E,MATCH(9,'All Abstracts'!$S:$S,0)),"")} | F10: {=IFERROR(INDEX('All Abstracts'!$F:$F,MATCH(9,'All Abstracts'!$S:$S,0)),"")} | G10: {=IFERROR(INDEX('All Abstracts'!$G:$G,MATCH(9,'All Abstracts'!$S:$S,0)),"")}
A11: 10 | B11: {=IFERROR(INDEX('All Abstracts'!$A:$A,MATCH(10,'All Abstracts'!$S:$S,0)),"")} | C11: {=IFERROR(INDEX('All Abstracts'!$B:$B,MATCH(10,'All Abstracts'!$S:$S,0)),"")} | D11: {=IFERROR(INDEX('All Abstracts'!$C:$C,MATCH(10,'All Abstracts'!$S:$S,0)),"")} | E11: {=IFERROR(INDEX('All Abstracts'!$E:$E,MATCH(10,'All Abstracts'!$S:$S,0)),"")} | F11: {=IFERROR(INDEX('All Abstracts'!$F:$F,MATCH(10,'All Abstracts'!$S:$S,0)),"")} | G11: {=IFERROR(INDEX('All Abstracts'!$G:$G,MATCH(10,'All Abstracts'!$S:$S,0)),"")}
A12: 11 | B12: {=IFERROR(INDEX('All Abstracts'!$A:$A,MATCH(11,'All Abstracts'!$S:$S,0)),"")} | C12: {=IFERROR(INDEX('All Abstracts'!$B:$B,MATCH(11,'All Abstracts'!$S:$S,0)),"")} | D12: {=IFERROR(INDEX('All Abstracts'!$C:$C,MATCH(11,'All Abstracts'!$S:$S,0)),"")} | E12: {=IFERROR(INDEX('All Abstracts'!$E:$E,MATCH(11,'All Abstracts'!$S:$S,0)),"")} | F12: {=IFERROR(INDEX('All Abstracts'!$F:$F,MATCH(11,'All Abstracts'!$S:$S,0)),"")} | G12: {=IFERROR(INDEX('All Abstracts'!$G:$G,MATCH(11,'All Abstracts'!$S:$S,0)),"")}
A13: 12 | B13: {=IFERROR(INDEX('All Abstracts'!$A:$A,MATCH(12,'All Abstracts'!$S:$S,0)),"")} | C13: {=IFERROR(INDEX('All Abstracts'!$B:$B,MATCH(12,'All Abstracts'!$S:$S,0)),"")} | D13: {=IFERROR(INDEX('All Abstracts'!$C:$C,MATCH(12,'All Abstracts'!$S:$S,0)),"")} | E13: {=IFERROR(INDEX('All Abstracts'!$E:$E,MATCH(12,'All Abstracts'!$S:$S,0)),"")} | F13: {=IFERROR(INDEX('All Abstracts'!$F:$F,MATCH(12,'All Abstracts'!$S:$S,0)),"")} | G13: {=IFERROR(INDEX('All Abstracts'!$G:$G,MATCH(12,'All Abstracts'!$S:$S,0)),"")}

Sheet All Abstracts
B1: Title (short) | C1: Corresponding Author | D1: Overall Risk | E1: Why Flagged (plain English) | F1: High-Confidence Flags | G1: Corroborating Flags | H1: Prior Retractions | I1: Tortured Phrases | J1: LLM Response Trace | K1: Templating (Cross-Author) | L1: Submission Volume | M1: Affiliation Relevance | N1: Email Validity | O1: Author Count Deviation | P1: Author Network | Q1: High Risk Rank | R1: Moderate Risk Rank | S1: Low Risk Rank
A2: ASCO-10231 | B2: Neoadjuvant Chemo in Stage III NSCLC | C2: R. Patel | D2: =IF(OR(H2="Y",I2="Y",J2="Y",K2="Y"),"High",IF(COUNTIF(L2:P2,"Y")>=2,"Moderate","Low")) -> Low | E2: =IF(D2="Low","No significant flags",TEXTJOIN(", ",TRUE(),IF(H2="Y","Prior Retractions",""),IF(I2="Y","Tortured Phrases",""),IF(J2="Y","LLM Response Trace",""),IF(K2="Y","Templating (Cross-Author)",""),IF(L2="Y","Submission Volume",""),IF(M2="Y","Affiliation Relevance",""),IF(N2="Y","Email Validity",""),IF(O2="Y","Author Count Deviation",""),IF(P2="Y","Author Network",""))) -> No significant flags | F2: =COUNTIF(H2:K2,"Y") -> 0 | G2: =COUNTIF(L2:P2,"Y") -> 0 | H2: {=INDEX('Check Detail'!D:D,MATCH($A2,'Check Detail'!$A:$A,0))} -> N | I2: {=INDEX('Check Detail'!F:F,MATCH($A2,'Check Detail'!$A:$A,0))} -> N | J2: {=INDEX('Check Detail'!H:H,MATCH($A2,'Check Detail'!$A:$A,0))} -> N | K2: {=INDEX('Check Detail'!J:J,MATCH($A2,'Check Detail'!$A:$A,0))} -> N | L2: {=INDEX('Check Detail'!L:L,MATCH($A2,'Check Detail'!$A:$A,0))} -> N | M2: {=INDEX('Check Detail'!N:N,MATCH($A2,'Check Detail'!$A:$A,0))} -> N | N2: {=INDEX('Check Detail'!P:P,MATCH($A2,'Check Detail'!$A:$A,0))} -> N | O2: {=INDEX('Check Detail'!R:R,MATCH($A2,'Check Detail'!$A:$A,0))} -> N | P2: {=INDEX('Check Detail'!T:T,MATCH($A2,'Check Detail'!$A:$A,0))} -> N | Q2: =IF(D2="High",COUNTIFS($D$2:D2,"High"),"") | R2: =IF(D2="Moderate",COUNTIFS($D$2:D2,"Moderate"),"") | S2: =IF(D2="Low",COUNTIFS($D$2:D2,"Low"),"") -> 1
A3: ASCO-10244 | B3: Biomarkers for Immunotherapy Response | C3: L. Nguyen | D3: =IF(OR(H3="Y",I3="Y",J3="Y",K3="Y"),"High",IF(COUNTIF(L3:P3,"Y")>=2,"Moderate","Low")) -> Moderate | E3: =IF(D3="Low","No significant flags",TEXTJOIN(", ",TRUE(),IF(H3="Y","Prior Retractions",""),IF(I3="Y","Tortured Phrases",""),IF(J3="Y","LLM Response Trace",""),IF(K3="Y","Templating (Cross-Author)",""),IF(L3="Y","Submission Volume",""),IF(M3="Y","Affiliation Relevance",""),IF(N3="Y","Email Validity",""),IF(O3="Y","Author Count Deviation",""),IF(P3="Y","Author Network",""))) -> Affiliation Relevance, Author Count Deviation | F3: =COUNTIF(H3:K3,"Y") -> 0 | G3: =COUNTIF(L3:P3,"Y") -> 2 | H3: {=INDEX('Check Detail'!D:D,MATCH($A3,'Check Detail'!$A:$A,0))} -> N | I3: {=INDEX('Check Detail'!F:F,MATCH($A3,'Check Detail'!$A:$A,0))} -> N | J3: {=INDEX('Check Detail'!H:H,MATCH($A3,'Check Detail'!$A:$A,0))} -> N | K3: {=INDEX('Check Detail'!J:J,MATCH($A3,'Check Detail'!$A:$A,0))} -> N | L3: {=INDEX('Check Detail'!L:L,MATCH($A3,'Check Detail'!$A:$A,0))} -> N | M3: {=INDEX('Check Detail'!N:N,MATCH($A3,'Check Detail'!$A:$A,0))} -> Y | N3: {=INDEX('Check Detail'!P:P,MATCH($A3,'Check Detail'!$A:$A,0))} -> N | O3: {=INDEX('Check Detail'!R:R,MATCH($A3,'Check Detail'!$A:$A,0))} -> Y | P3: {=INDEX('Check Detail'!T:T,MATCH($A3,'Check Detail'!$A:$A,0))} -> N | Q3: =IF(D3="High",COUNTIFS($D$2:D3,"High"),"") | R3: =IF(D3="Moderate",COUNTIFS($D$2:D3,"Moderate"),"") -> 1 | S3: =IF(D3="Low",COUNTIFS($D$2:D3,"Low"),"")
A4: ASCO-10267 | B4: CAR-T Outcomes in Relapsed Myeloma | C4: S. Okafor | D4: =IF(OR(H4="Y",I4="Y",J4="Y",K4="Y"),"High",IF(COUNTIF(L4:P4,"Y")>=2,"Moderate","Low")) -> High | E4: =IF(D4="Low","No significant flags",TEXTJOIN(", ",TRUE(),IF(H4="Y","Prior Retractions",""),IF(I4="Y","Tortured Phrases",""),IF(J4="Y","LLM Response Trace",""),IF(K4="Y","Templating (Cross-Author)",""),IF(L4="Y","Submission Volume",""),IF(M4="Y","Affiliation Relevance",""),IF(N4="Y","Email Validity",""),IF(O4="Y","Author Count Deviation",""),IF(P4="Y","Author Network",""))) -> Tortured Phrases | F4: =COUNTIF(H4:K4,"Y") -> 1 | G4: =COUNTIF(L4:P4,"Y") -> 0 | H4: {=INDEX('Check Detail'!D:D,MATCH($A4,'Check Detail'!$A:$A,0))} -> N | I4: {=INDEX('Check Detail'!F:F,MATCH($A4,'Check Detail'!$A:$A,0))} -> Y | J4: {=INDEX('Check Detail'!H:H,MATCH($A4,'Check Detail'!$A:$A,0))} -> N | K4: {=INDEX('Check Detail'!J:J,MATCH($A4,'Check Detail'!$A:$A,0))} -> N | L4: {=INDEX('Check Detail'!L:L,MATCH($A4,'Check Detail'!$A:$A,0))} -> N | M4: {=INDEX('Check Detail'!N:N,MATCH($A4,'Check Detail'!$A:$A,0))} -> N | N4: {=INDEX('Check Detail'!P:P,MATCH($A4,'Check Detail'!$A:$A,0))} -> N | O4: {=INDEX('Check Detail'!R:R,MATCH($A4,'Check Detail'!$A:$A,0))} -> N | P4: {=INDEX('Check Detail'!T:T,MATCH($A4,'Check Detail'!$A:$A,0))} -> N | Q4: =IF(D4="High",COUNTIFS($D$2:D4,"High"),"") -> 1 | R4: =IF(D4="Moderate",COUNTIFS($D$2:D4,"Moderate"),"") | S4: =IF(D4="Low",COUNTIFS($D$2:D4,"Low"),"")
A5: ASCO-10289 | B5: Survival Analysis in Pancreatic Cancer | C5: M. Reyes | D5: =IF(OR(H5="Y",I5="Y",J5="Y",K5="Y"),"High",IF(COUNTIF(L5:P5,"Y")>=2,"Moderate","Low")) -> Low | E5: =IF(D5="Low","No significant flags",TEXTJOIN(", ",TRUE(),IF(H5="Y","Prior Retractions",""),IF(I5="Y","Tortured Phrases",""),IF(J5="Y","LLM Response Trace",""),IF(K5="Y","Templating (Cross-Author)",""),IF(L5="Y","Submission Volume",""),IF(M5="Y","Affiliation Relevance",""),IF(N5="Y","Email Validity",""),IF(O5="Y","Author Count Deviation",""),IF(P5="Y","Author Network",""))) -> No significant flags | F5: =COUNTIF(H5:K5,"Y") -> 0 | G5: =COUNTIF(L5:P5,"Y") -> 0 | H5: {=INDEX('Check Detail'!D:D,MATCH($A5,'Check Detail'!$A:$A,0))} -> N | I5: {=INDEX('Check Detail'!F:F,MATCH($A5,'Check Detail'!$A:$A,0))} -> N | J5: {=INDEX('Check Detail'!H:H,MATCH($A5,'Check Detail'!$A:$A,0))} -> N | K5: {=INDEX('Check Detail'!J:J,MATCH($A5,'Check Detail'!$A:$A,0))} -> N | L5: {=INDEX('Check Detail'!L:L,MATCH($A5,'Check Detail'!$A:$A,0))} -> N | M5: {=INDEX('Check Detail'!N:N,MATCH($A5,'Check Detail'!$A:$A,0))} -> N | N5: {=INDEX('Check Detail'!P:P,MATCH($A5,'Check Detail'!$A:$A,0))} -> N | O5: {=INDEX('Check Detail'!R:R,MATCH($A5,'Check Detail'!$A:$A,0))} -> N | P5: {=INDEX('Check Detail'!T:T,MATCH($A5,'Check Detail'!$A:$A,0))} -> N | Q5: =IF(D5="High",COUNTIFS($D$2:D5,"High"),"") | R5: =IF(D5="Moderate",COUNTIFS($D$2:D5,"Moderate"),"") | S5: =IF(D5="Low",COUNTIFS($D$2:D5,"Low"),"") -> 2
A6: ASCO-10301 | B6: Novel PARP Inhibitor Combination Trial | C6: A. Kim | D6: =IF(OR(H6="Y",I6="Y",J6="Y",K6="Y"),"High",IF(COUNTIF(L6:P6,"Y")>=2,"Moderate","Low")) -> High | E6: =IF(D6="Low","No significant flags",TEXTJOIN(", ",TRUE(),IF(H6="Y","Prior Retractions",""),IF(I6="Y","Tortured Phrases",""),IF(J6="Y","LLM Response Trace",""),IF(K6="Y","Templating (Cross-Author)",""),IF(L6="Y","Submission Volume",""),IF(M6="Y","Affiliation Relevance",""),IF(N6="Y","Email Validity",""),IF(O6="Y","Author Count Deviation",""),IF(P6="Y","Author Network",""))) -> LLM Response Trace | F6: =COUNTIF(H6:K6,"Y") -> 1 | G6: =COUNTIF(L6:P6,"Y") -> 0 | H6: {=INDEX('Check Detail'!D:D,MATCH($A6,'Check Detail'!$A:$A,0))} -> N | I6: {=INDEX('Check Detail'!F:F,MATCH($A6,'Check Detail'!$A:$A,0))} -> N | J6: {=INDEX('Check Detail'!H:H,MATCH($A6,'Check Detail'!$A:$A,0))} -> Y | K6: {=INDEX('Check Detail'!J:J,MATCH($A6,'Check Detail'!$A:$A,0))} -> N | L6: {=INDEX('Check Detail'!L:L,MATCH($A6,'Check Detail'!$A:$A,0))} -> N | M6: {=INDEX('Check Detail'!N:N,MATCH($A6,'Check Detail'!$A:$A,0))} -> N | N6: {=INDEX('Check Detail'!P:P,MATCH($A6,'Check Detail'!$A:$A,0))} -> N | O6: {=INDEX('Check Detail'!R:R,MATCH($A6,'Check Detail'!$A:$A,0))} -> N | P6: {=INDEX('Check Detail'!T:T,MATCH($A6,'Check Detail'!$A:$A,0))} -> N | Q6: =IF(D6="High",COUNTIFS($D$2:D6,"High"),"") -> 2 | R6: =IF(D6="Moderate",COUNTIFS($D$2:D6,"Moderate"),"") | S6: =IF(D6="Low",COUNTIFS($D$2:D6,"Low"),"")
A7: ASCO-10318 | B7: Real-World Data on Breast Cancer Screening | C7: J. Novak | D7: =IF(OR(H7="Y",I7="Y",J7="Y",K7="Y"),"High",IF(COUNTIF(L7:P7,"Y")>=2,"Moderate","Low")) -> Low | E7: =IF(D7="Low","No significant flags",TEXTJOIN(", ",TRUE(),IF(H7="Y","Prior Retractions",""),IF(I7="Y","Tortured Phrases",""),IF(J7="Y","LLM Response Trace",""),IF(K7="Y","Templating (Cross-Author)",""),IF(L7="Y","Submission Volume",""),IF(M7="Y","Affiliation Relevance",""),IF(N7="Y","Email Validity",""),IF(O7="Y","Author Count Deviation",""),IF(P7="Y","Author Network",""))) -> No significant flags | F7: =COUNTIF(H7:K7,"Y") -> 0 | G7: =COUNTIF(L7:P7,"Y") -> 1 | H7: {=INDEX('Check Detail'!D:D,MATCH($A7,'Check Detail'!$A:$A,0))} -> N | I7: {=INDEX('Check Detail'!F:F,MATCH($A7,'Check Detail'!$A:$A,0))} -> N | J7: {=INDEX('Check Detail'!H:H,MATCH($A7,'Check Detail'!$A:$A,0))} -> N | K7: {=INDEX('Check Detail'!J:J,MATCH($A7,'Check Detail'!$A:$A,0))} -> N | L7: {=INDEX('Check Detail'!L:L,MATCH($A7,'Check Detail'!$A:$A,0))} -> Y | M7: {=INDEX('Check Detail'!N:N,MATCH($A7,'Check Detail'!$A:$A,0))} -> N | N7: {=INDEX('Check Detail'!P:P,MATCH($A7,'Check Detail'!$A:$A,0))} -> N | O7: {=INDEX('Check Detail'!R:R,MATCH($A7,'Check Detail'!$A:$A,0))} -> N | P7: {=INDEX('Check Detail'!T:T,MATCH($A7,'Check Detail'!$A:$A,0))} -> N | Q7: =IF(D7="High",COUNTIFS($D$2:D7,"High"),"") | R7: =IF(D7="Moderate",COUNTIFS($D$2:D7,"Moderate"),"") | S7: =IF(D7="Low",COUNTIFS($D$2:D7,"Low"),"") -> 3
A8: ASCO-10327 | B8: Genomic Profiling of Colorectal Tumors | C8: T. Adeyemi | D8: =IF(OR(H8="Y",I8="Y",J8="Y",K8="Y"),"High",IF(COUNTIF(L8:P8,"Y")>=2,"Moderate","Low")) -> Moderate | E8: =IF(D8="Low","No significant flags",TEXTJOIN(", ",TRUE(),IF(H8="Y","Prior Retractions",""),IF(I8="Y","Tortured Phrases",""),IF(J8="Y","LLM Response Trace",""),IF(K8="Y","Templating (Cross-Author)",""),IF(L8="Y","Submission Volume",""),IF(M8="Y","Affiliation Relevance",""),IF(N8="Y","Email Validity",""),IF(O8="Y","Author Count Deviation",""),IF(P8="Y","Author Network",""))) -> Email Validity, Author Network | F8: =COUNTIF(H8:K8,"Y") -> 0 | G8: =COUNTIF(L8:P8,"Y") -> 2 | H8: {=INDEX('Check Detail'!D:D,MATCH($A8,'Check Detail'!$A:$A,0))} -> N | I8: {=INDEX('Check Detail'!F:F,MATCH($A8,'Check Detail'!$A:$A,0))} -> N | J8: {=INDEX('Check Detail'!H:H,MATCH($A8,'Check Detail'!$A:$A,0))} -> N | K8: {=INDEX('Check Detail'!J:J,MATCH($A8,'Check Detail'!$A:$A,0))} -> N | L8: {=INDEX('Check Detail'!L:L,MATCH($A8,'Check Detail'!$A:$A,0))} -> N | M8: {=INDEX('Check Detail'!N:N,MATCH($A8,'Check Detail'!$A:$A,0))} -> N | N8: {=INDEX('Check Detail'!P:P,MATCH($A8,'Check Detail'!$A:$A,0))} -> Y | O8: {=INDEX('Check Detail'!R:R,MATCH($A8,'Check Detail'!$A:$A,0))} -> N | P8: {=INDEX('Check Detail'!T:T,MATCH($A8,'Check Detail'!$A:$A,0))} -> Y | Q8: =IF(D8="High",COUNTIFS($D$2:D8,"High"),"") | R8: =IF(D8="Moderate",COUNTIFS($D$2:D8,"Moderate"),"") -> 2 | S8: =IF(D8="Low",COUNTIFS($D$2:D8,"Low"),"")
A9: ASCO-10340 | B9: Quality of Life Post-Radiotherapy | C9: P. Sharma | D9: =IF(OR(H9="Y",I9="Y",J9="Y",K9="Y"),"High",IF(COUNTIF(L9:P9,"Y")>=2,"Moderate","Low")) -> Low | E9: =IF(D9="Low","No significant flags",TEXTJOIN(", ",TRUE(),IF(H9="Y","Prior Retractions",""),IF(I9="Y","Tortured Phrases",""),IF(J9="Y","LLM Response Trace",""),IF(K9="Y","Templating (Cross-Author)",""),IF(L9="Y","Submission Volume",""),IF(M9="Y","Affiliation Relevance",""),IF(N9="Y","Email Validity",""),IF(O9="Y","Author Count Deviation",""),IF(P9="Y","Author Network",""))) -> No significant flags | F9: =COUNTIF(H9:K9,"Y") -> 0 | G9: =COUNTIF(L9:P9,"Y") -> 0 | H9: {=INDEX('Check Detail'!D:D,MATCH($A9,'Check Detail'!$A:$A,0))} -> N | I9: {=INDEX('Check Detail'!F:F,MATCH($A9,'Check Detail'!$A:$A,0))} -> N | J9: {=INDEX('Check Detail'!H:H,MATCH($A9,'Check Detail'!$A:$A,0))} -> N | K9: {=INDEX('Check Detail'!J:J,MATCH($A9,'Check Detail'!$A:$A,0))} -> N | L9: {=INDEX('Check Detail'!L:L,MATCH($A9,'Check Detail'!$A:$A,0))} -> N | M9: {=INDEX('Check Detail'!N:N,MATCH($A9,'Check Detail'!$A:$A,0))} -> N | N9: {=INDEX('Check Detail'!P:P,MATCH($A9,'Check Detail'!$A:$A,0))} -> N | O9: {=INDEX('Check Detail'!R:R,MATCH($A9,'Check Detail'!$A:$A,0))} -> N | P9: {=INDEX('Check Detail'!T:T,MATCH($A9,'Check Detail'!$A:$A,0))} -> N | Q9: =IF(D9="High",COUNTIFS($D$2:D9,"High"),"") | R9: =IF(D9="Moderate",COUNTIFS($D$2:D9,"Moderate"),"") | S9: =IF(D9="Low",COUNTIFS($D$2:D9,"Low"),"") -> 4
A10: ASCO-10355 | B10: Machine Learning for Tumor Segmentation | C10: D. Costa | D10: =IF(OR(H10="Y",I10="Y",J10="Y",K10="Y"),"High",IF(COUNTIF(L10:P10,"Y")>=2,"Moderate","Low")) -> High | E10: =IF(D10="Low","No significant flags",TEXTJOIN(", ",TRUE(),IF(H10="Y","Prior Retractions",""),IF(I10="Y","Tortured Phrases",""),IF(J10="Y","LLM Response Trace",""),IF(K10="Y","Templating (Cross-Author)",""),IF(L10="Y","Submission Volume",""),IF(M10="Y","Affiliation Relevance",""),IF(N10="Y","Email Validity",""),IF(O10="Y","Author Count Deviation",""),IF(P10="Y","Author Network",""))) -> Prior Retractions | F10: =COUNTIF(H10:K10,"Y") -> 1 | G10: =COUNTIF(L10:P10,"Y") -> 0 | H10: {=INDEX('Check Detail'!D:D,MATCH($A10,'Check Detail'!$A:$A,0))} -> Y | I10: {=INDEX('Check Detail'!F:F,MATCH($A10,'Check Detail'!$A:$A,0))} -> N | J10: {=INDEX('Check Detail'!H:H,MATCH($A10,'Check Detail'!$A:$A,0))} -> N | K10: {=INDEX('Check Detail'!J:J,MATCH($A10,'Check Detail'!$A:$A,0))} -> N | L10: {=INDEX('Check Detail'!L:L,MATCH($A10,'Check Detail'!$A:$A,0))} -> N | M10: {=INDEX('Check Detail'!N:N,MATCH($A10,'Check Detail'!$A:$A,0))} -> N | N10: {=INDEX('Check Detail'!P:P,MATCH($A10,'Check Detail'!$A:$A,0))} -> N | O10: {=INDEX('Check Detail'!R:R,MATCH($A10,'Check Detail'!$A:$A,0))} -> N | P10: {=INDEX('Check Detail'!T:T,MATCH($A10,'Check Detail'!$A:$A,0))} -> N | Q10: =IF(D10="High",COUNTIFS($D$2:D10,"High"),"") -> 3 | R10: =IF(D10="Moderate",COUNTIFS($D$2:D10,"Moderate"),"") | S10: =IF(D10="Low",COUNTIFS($D$2:D10,"Low"),"")
A11: ASCO-10362 | B11: Meta-analysis of Adjuvant Therapies | C11: H. Zhou | D11: =IF(OR(H11="Y",I11="Y",J11="Y",K11="Y"),"High",IF(COUNTIF(L11:P11,"Y")>=2,"Moderate","Low")) -> High | E11: =IF(D11="Low","No significant flags",TEXTJOIN(", ",TRUE(),IF(H11="Y","Prior Retractions",""),IF(I11="Y","Tortured Phrases",""),IF(J11="Y","LLM Response Trace",""),IF(K11="Y","Templating (Cross-Author)",""),IF(L11="Y","Submission Volume",""),IF(M11="Y","Affiliation Relevance",""),IF(N11="Y","Email Validity",""),IF(O11="Y","Author Count Deviation",""),IF(P11="Y","Author Network",""))) -> Templating (Cross-Author) | F11: =COUNTIF(H11:K11,"Y") -> 1 | G11: =COUNTIF(L11:P11,"Y") -> 0 | H11: {=INDEX('Check Detail'!D:D,MATCH($A11,'Check Detail'!$A:$A,0))} -> N | I11: {=INDEX('Check Detail'!F:F,MATCH($A11,'Check Detail'!$A:$A,0))} -> N | J11: {=INDEX('Check Detail'!H:H,MATCH($A11,'Check Detail'!$A:$A,0))} -> N | K11: {=INDEX('Check Detail'!J:J,MATCH($A11,'Check Detail'!$A:$A,0))} -> Y | L11: {=INDEX('Check Detail'!L:L,MATCH($A11,'Check Detail'!$A:$A,0))} -> N | M11: {=INDEX('Check Detail'!N:N,MATCH($A11,'Check Detail'!$A:$A,0))} -> N | N11: {=INDEX('Check Detail'!P:P,MATCH($A11,'Check Detail'!$A:$A,0))} -> N | O11: {=INDEX('Check Detail'!R:R,MATCH($A11,'Check Detail'!$A:$A,0))} -> N | P11: {=INDEX('Check Detail'!T:T,MATCH($A11,'Check Detail'!$A:$A,0))} -> N | Q11: =IF(D11="High",COUNTIFS($D$2:D11,"High"),"") -> 4 | R11: =IF(D11="Moderate",COUNTIFS($D$2:D11,"Moderate"),"") | S11: =IF(D11="Low",COUNTIFS($D$2:D11,"Low"),"")
A12: ASCO-10371 | B12: Rare Sarcoma Case Series | C12: V. Petrov | D12: =IF(OR(H12="Y",I12="Y",J12="Y",K12="Y"),"High",IF(COUNTIF(L12:P12,"Y")>=2,"Moderate","Low")) -> High | E12: =IF(D12="Low","No significant flags",TEXTJOIN(", ",TRUE(),IF(H12="Y","Prior Retractions",""),IF(I12="Y","Tortured Phrases",""),IF(J12="Y","LLM Response Trace",""),IF(K12="Y","Templating (Cross-Author)",""),IF(L12="Y","Submission Volume",""),IF(M12="Y","Affiliation Relevance",""),IF(N12="Y","Email Validity",""),IF(O12="Y","Author Count Deviation",""),IF(P12="Y","Author Network",""))) -> Templating (Cross-Author), Submission Volume | F12: =COUNTIF(H12:K12,"Y") -> 1 | G12: =COUNTIF(L12:P12,"Y") -> 1 | H12: {=INDEX('Check Detail'!D:D,MATCH($A12,'Check Detail'!$A:$A,0))} -> N | I12: {=INDEX('Check Detail'!F:F,MATCH($A12,'Check Detail'!$A:$A,0))} -> N | J12: {=INDEX('Check Detail'!H:H,MATCH($A12,'Check Detail'!$A:$A,0))} -> N | K12: {=INDEX('Check Detail'!J:J,MATCH($A12,'Check Detail'!$A:$A,0))} -> Y | L12: {=INDEX('Check Detail'!L:L,MATCH($A12,'Check Detail'!$A:$A,0))} -> Y | M12: {=INDEX('Check Detail'!N:N,MATCH($A12,'Check Detail'!$A:$A,0))} -> N | N12: {=INDEX('Check Detail'!P:P,MATCH($A12,'Check Detail'!$A:$A,0))} -> N | O12: {=INDEX('Check Detail'!R:R,MATCH($A12,'Check Detail'!$A:$A,0))} -> N | P12: {=INDEX('Check Detail'!T:T,MATCH($A12,'Check Detail'!$A:$A,0))} -> N | Q12: =IF(D12="High",COUNTIFS($D$2:D12,"High"),"") -> 5 | R12: =IF(D12="Moderate",COUNTIFS($D$2:D12,"Moderate"),"") | S12: =IF(D12="Low",COUNTIFS($D$2:D12,"Low"),"")
A13: ASCO-10389 | B13: Cost-Effectiveness of Early Screening | C13: F. Idris | D13: =IF(OR(H13="Y",I13="Y",J13="Y",K13="Y"),"High",IF(COUNTIF(L13:P13,"Y")>=2,"Moderate","Low")) -> Low | E13: =IF(D13="Low","No significant flags",TEXTJOIN(", ",TRUE(),IF(H13="Y","Prior Retractions",""),IF(I13="Y","Tortured Phrases",""),IF(J13="Y","LLM Response Trace",""),IF(K13="Y","Templating (Cross-Author)",""),IF(L13="Y","Submission Volume",""),IF(M13="Y","Affiliation Relevance",""),IF(N13="Y","Email Validity",""),IF(O13="Y","Author Count Deviation",""),IF(P13="Y","Author Network",""))) -> No significant flags | F13: =COUNTIF(H13:K13,"Y") -> 0 | G13: =COUNTIF(L13:P13,"Y") -> 1 | H13: {=INDEX('Check Detail'!D:D,MATCH($A13,'Check Detail'!$A:$A,0))} -> N | I13: {=INDEX('Check Detail'!F:F,MATCH($A13,'Check Detail'!$A:$A,0))} -> N | J13: {=INDEX('Check Detail'!H:H,MATCH($A13,'Check Detail'!$A:$A,0))} -> N | K13: {=INDEX('Check Detail'!J:J,MATCH($A13,'Check Detail'!$A:$A,0))} -> N | L13: {=INDEX('Check Detail'!L:L,MATCH($A13,'Check Detail'!$A:$A,0))} -> N | M13: {=INDEX('Check Detail'!N:N,MATCH($A13,'Check Detail'!$A:$A,0))} -> Y | N13: {=INDEX('Check Detail'!P:P,MATCH($A13,'Check Detail'!$A:$A,0))} -> N | O13: {=INDEX('Check Detail'!R:R,MATCH($A13,'Check Detail'!$A:$A,0))} -> N | P13: {=INDEX('Check Detail'!T:T,MATCH($A13,'Check Detail'!$A:$A,0))} -> N | Q13: =IF(D13="High",COUNTIFS($D$2:D13,"High"),"") | R13: =IF(D13="Moderate",COUNTIFS($D$2:D13,"Moderate"),"") | S13: =IF(D13="Low",COUNTIFS($D$2:D13,"Low"),"") -> 5

Sheet Check Detail
A1: Abstract ID | B1: Title (short) | C1: Corresponding Author | D1: Prior Retractions - Flag | E1: Prior Retractions - Evidence | F1: Tortured Phrases - Flag | G1: Tortured Phrases - Evidence | H1: LLM Response Trace - Flag | I1: LLM Response Trace - Evidence | J1: Templating (Cross-Author) - Flag | K1: Templating (Cross-Author) - Evidence | L1: Submission Volume - Flag | M1: Submission Volume - Evidence | N1: Affiliation Relevance - Flag | O1: Affiliation Relevance - Evidence | P1: Email Validity - Flag | Q1: Email Validity - Evidence | R1: Author Count Deviation - Flag | S1: Author Count Deviation - Evidence | T1: Author Network - Flag | U1: Author Network - Evidence
A2: ASCO-10231 | B2: Neoadjuvant Chemo in Stage III NSCLC | C2: R. Patel | D2: N | F2: N | H2: N | J2: N | L2: N | N2: N | P2: N | R2: N | T2: N
A3: ASCO-10244 | B3: Biomarkers for Immunotherapy Response | C3: L. Nguyen | D3: N | F3: N | H3: N | J3: N | L3: N | N3: Y | O3: 1 co-author affiliation unrelated to oncology | P3: N | R3: Y | S3: 7 authors vs. field median of 4 | T3: N
A4: ASCO-10267 | B4: CAR-T Outcomes in Relapsed Myeloma | C4: S. Okafor | D4: N | F4: Y | G4: "malignant neoplasm" rendered as "cancerous new growth" 4x | H4: N | J4: N | L4: N | N4: N | P4: N | R4: N | T4: N
A5: ASCO-10289 | B5: Survival Analysis in Pancreatic Cancer | C5: M. Reyes | D5: N | F5: N | H5: N | J5: N | L5: N | N5: N | P5: N | R5: N | T5: N
A6: ASCO-10301 | B6: Novel PARP Inhibitor Combination Trial | C6: A. Kim | D6: N | F6: N | H6: Y | I6: Abstract contains residual phrase 'As an AI language model' | J6: N | L6: N | N6: N | P6: N | R6: N | T6: N
A7: ASCO-10318 | B7: Real-World Data on Breast Cancer Screening | C7: J. Novak | D7: N | F7: N | H7: N | J7: N | L7: Y | M7: Corresponding author submitted 9 abstracts this cycle (avg: 2) | N7: N | P7: N | R7: N | T7: N
A8: ASCO-10327 | B8: Genomic Profiling of Colorectal Tumors | C8: T. Adeyemi | D8: N | F8: N | H8: N | J8: N | L8: N | N8: N | P8: Y | Q8: Domain registered 11 days before submission | R8: N | T8: Y | U8: 3 co-authors share network with a retracted 2024 paper
A9: ASCO-10340 | B9: Quality of Life Post-Radiotherapy | C9: P. Sharma | D9: N | F9: N | H9: N | J9: N | L9: N | N9: N | P9: N | R9: N | T9: N
A10: ASCO-10355 | B10: Machine Learning for Tumor Segmentation | C10: D. Costa | D10: Y | E10: Corresponding author has 1 retraction (2023, Journal of Onc. Reports) | F10: N | H10: N | J10: N | L10: N | N10: N | P10: N | R10: N | T10: N
A11: ASCO-10362 | B11: Meta-analysis of Adjuvant Therapies | C11: H. Zhou | D11: N | F11: N | H11: N | J11: Y | K11: 83% sentence-structure overlap with ASCO-10371, different author group | L11: N | N11: N | P11: N | R11: N | T11: N
A12: ASCO-10371 | B12: Rare Sarcoma Case Series | C12: V. Petrov | D12: N | F12: N | H12: N | J12: Y | K12: 83% sentence-structure overlap with ASCO-10362, different author group | L12: Y | M12: Corresponding author submitted 6 abstracts this cycle (avg: 2) | N12: N | P12: N | R12: N | T12: N
A13: ASCO-10389 | B13: Cost-Effectiveness of Early Screening | C13: F. Idris | D13: N | F13: N | H13: N | J13: N | L13: N | N13: Y | O13: Affiliation listed does not appear in institutional directory | P13: N | R13: N | T13: N

Sheet How This Works
A1: Editor Triage Workbook — How This Works
A3: Open Dashboard for the overview, then High Risk Queue and Moderate Risk Queue for your worklists. All Abstracts is the full master list (source of truth for decisions).
A4: 1. Start here every time: the Triage View tab
A6: • Every submitted abstract gets exactly one row and one Overall Risk tier: Low, Moderate, or High.
A7: • You do not need to open the Check Detail tab unless an abstract is Moderate or High risk.
A8: • The 'Why Flagged' column tells you which specific checks fired, in plain language — no need to re-derive it.
A10: 2. Why risk tiers are NOT a simple flag count
A12: • The 9 checks are not equally reliable on their own, so they are not just summed together.
A13: • Some checks are near-deterministic red flags by themselves (e.g. a tortured-phrase match is rarely a coincidence).
A14: • Other checks are only meaningful as corroborating context — one alone is common and often innocent
A15: • (e.g. a slightly high author count, or a borderline affiliation match).
A17: 3. The four High-Confidence checks (any ONE fired = High risk)
A19: Prior Retractions | B19: Corresponding or co-author has a prior retraction on record.
A20: Tortured Phrases | B20: Known paraphrase-evasion patterns detected (e.g. 'cancerous new growth' for 'malignant neoplasm').
A21: LLM Response Trace | B21: Leftover AI-assistant artifacts in the text (e.g. 'As an AI language model...').
A22: Templating (Cross-Author) | B22: High structural overlap with another submission from an unrelated author group.
A24: 4. The five Corroborating checks (need TWO OR MORE together = Moderate risk)
A26: Submission Volume | B26: Author submitting far more abstracts this cycle than the typical author.
A27: Affiliation Relevance | B27: Listed affiliation doesn't clearly connect to the research area or institution directory.
A28: Email Validity | B28: Corresponding author's email domain is newly registered or otherwise suspicious.
A29: Author Count Deviation | B29: Author list is unusually long or short relative to the field norm.
A30: Author Network
A31: A single corroborating flag alone stays Low risk — visible in Check Detail, but not something you need to act on.
A33: 5. Risk tier color key
A35: Low | B35: No action needed. Proceeds through normal review.
A36: Moderate | B36: 2+ corroborating signals together. Worth a quick look before proceeding.
A37: High | B37: At least one high-confidence signal fired. Requires editor review before proceeding.
A39: 6. What's NOT in this workbook
A41: • AI-generated content detection is handled separately (third-party tool) and is not one of these 9 checks.
A42: • This workbook does not auto-reject anything — 'High risk' means 'needs your judgment,' not 'guilty.'
A43: • Severity assignments (which checks are 'high-confidence' vs 'corroborating') are a working default and
A44: • should be validated against labeled retraction data before this logic is treated as final.
